{
  "time_for_loading_dataset": "[9.3836272591725, 9.401836222999918]",
  "time_for_model_generation": "[0.014018354006111622, 0.014019378999364562]",
  "model_number_of_parameters": 596683,
  "model_latent_size": 64,
  "time_for_model_training": "[4691.239151878282, 4617.513100958]",
  "tl_last": 0.41138893365859985,
  "vl_last": 0.37826716899871826,
  "vl_tl_ratio": 0.9194879542205469,
  "vl_min": 0.37692949175834656,
  "test_loss": 0.368849515914917,
  "Matthews_corrcoef": 0.7218037751842433,
  "model_not_trained": false
}