{
  "time_for_loading_dataset": "[229.08499698713422, 219.8604622450075]",
  "time_for_model_generation": "[0.02929334668442607, 0.028084761986974627]",
  "model_number_of_parameters": 806155,
  "model_latent_size": 64,
  "time_for_model_training": "[42552.603220098186, 42123.588626824]",
  "tl_last": 0.3133348524570465,
  "vl_last": 0.2644830048084259,
  "vl_tl_ratio": 0.8440906038203412,
  "vl_min": 0.2642504870891571,
  "test_loss": 0.2820695638656616,
  "Matthews_corrcoef": 0.36550534726439693,
  "model_not_trained": false
}