{
  "time_for_loading_dataset": "[6.97847312130034, 6.981917729999623]",
  "time_for_model_generation": "[0.01605494786053896, 0.016057015000114916]",
  "model_number_of_parameters": 733573,
  "model_latent_size": 64,
  "time_for_model_training": "[1712.6396263497882, 1540.5929101310012]",
  "tl_last": 0.0326068252325058,
  "vl_last": 0.030516410246491432,
  "vl_tl_ratio": 0.9358902631241012,
  "vl_min": 0.02981005422770977,
  "test_loss": 0.030131585896015167,
  "Matthews_corrcoef": 0.9507165678228152,
  "model_not_trained": false
}