{
  "time_for_loading_dataset": "[227.7599745769985, 222.11481278701103]",
  "time_for_model_generation": "[0.03751859022304416, 0.03623777601751499]",
  "model_number_of_parameters": 805765,
  "model_latent_size": 64,
  "time_for_model_training": "[41517.77433882421, 41246.69071779298]",
  "tl_last": 0.0003003979509230703,
  "vl_last": 0.0006439588614739478,
  "vl_tl_ratio": 2.1436859322614383,
  "vl_min": 0.0006424836465157568,
  "test_loss": 0.000620034639723599,
  "Matthews_corrcoef": 0.999266633620325,
  "model_not_trained": false
}